Elements Clean Sheets Per 90,Elements Saves,Elements Transfers In Event,Elements Form Rank,Elements Transfers Out Event,Elements Assists,Elements Expected Goals Conceded Per 90,Elements Saves Per 90,Elements Goals Conceded Per 90,Elements Expected Assists Per 90,Elements Yellow Cards,Elements Event Points
0.08450000000000003,2.0,11.0,731.55,5.0,1.0,0.82,1.88,0.7445,0.01,1.0,1.0
0.3,2.0,67.0,731.55,5730.0,2.0,0.87,1.88,0.75,0.08,4.0,1.0
0.33,2.0,23890.399999999987,136.0,14317.0,2.0,0.93,1.88,0.95,0.05,3.0,2.0
0.34,2.0,23890.399999999987,39.45,7006.0,3.0,0.93,1.88,0.98,0.08,4.0,10.549999999999955
0.34,2.0,23890.399999999987,469.0,14.0,3.0,0.93,1.88,0.98,0.08,4.0,10.549999999999955
0.36,2.0,9802.0,173.0,6015.0,1.0,0.82,1.88,0.82,0.05,7.0,1.0
0.2,2.0,223.0,670.0,380.0,1.0,0.84,1.88,0.99,0.09,3.0,1.0
0.28,2.0,169.0,688.0,241.0,1.0,1.24,1.88,1.39,0.01,3.0,1.0
0.43,2.0,15394.0,68.0,5928.0,3.0,0.91,1.88,0.93,0.18,1.0,5.0
0.43,2.0,11103.0,203.0,1159.0,3.0,0.82,1.88,0.7445,0.14,1.0,6.0
0.42,2.0,18252.0,69.0,4738.0,3.0,0.82,1.88,0.77,0.23,2.0,6.0
0.33,59.0,19275.0,83.0,17274.99999999997,3.0,0.88,2.46,0.92,0.23,2.0,3.0
0.31,59.0,8974.0,57.0,2384.0,5.0,0.83,2.46,1.04,0.21,3.0,10.0
0.43,59.0,279.0,731.55,11596.0,6.0,0.82,2.46,0.92,0.29549999999999954,3.0,10.0
0.38,59.0,21218.0,105.0,12273.0,6.0,0.82,2.46,0.84,0.04,2.0,2.0
0.24,59.0,2592.0,74.0,880.0,3.0,0.94,2.46,0.97,0.08,2.0,8.0
0.24,59.0,176.0,331.0,131.0,3.0,1.18,2.46,0.97,0.29549999999999954,2.0,8.0
0.24,59.0,17.0,684.0,23.0,3.0,0.82,2.46,0.97,0.29549999999999954,2.0,8.0
0.37,59.0,16572.0,39.45,7505.0,5.0,0.82,2.46,0.99,0.15,1.0,2.0
0.39,59.0,63.0,731.55,1320.0,1.0,1.28,2.46,0.91,0.04,2.0,2.0
0.54,59.0,353.0,398.0,596.0,1.0,0.82,2.46,0.91,0.03,1.0,2.0
0.54,11.0,322.0,519.0,557.0,1.0,1.46,5.5,1.0,0.03,1.0,2.0
0.54,11.0,277.0,318.0,429.0,1.0,0.82,5.5,0.85,0.06,1.0,1.0
0.12,11.0,3019.0,192.0,1747.0,1.0,0.97,5.5,1.2,0.07,3.0,1.0
0.33,11.0,9329.0,183.0,669.0,1.0,0.91,5.5,1.15,0.03,2.0,7.0
0.24,11.0,217.0,289.0,269.0,1.0,0.84,5.5,1.07,0.08,2.0,1.0
0.24,11.0,27.0,622.0,32.0,1.0,0.84,5.5,1.07,0.08,2.0,1.0
0.24,11.0,87.0,647.0,85.0,1.0,0.84,5.5,1.07,0.08,2.0,1.0
0.24,11.0,125.0,503.0,226.0,1.0,0.84,5.5,1.07,0.08,2.0,1.0
0.24,11.0,31.0,657.0,35.0,1.0,0.84,5.5,1.07,0.08,2.0,1.0
0.24,11.0,109.0,477.0,82.0,1.0,0.84,5.5,1.07,0.08,2.0,1.0
0.24,11.0,427.0,604.0,612.0,1.0,0.84,5.5,1.07,0.08,2.0,1.0
0.24,11.0,4438.0,39.45,676.0,1.0,0.84,5.5,1.07,0.08,2.0,10.549999999999955
0.24,11.0,99.0,514.0,35.0,1.0,0.84,5.5,1.07,0.08,2.0,10.549999999999955
0.18,11.0,1183.0,263.0,1380.0,2.0,1.02,5.5,1.4,0.25,2.0,1.0
0.17,11.0,11.0,731.0,415.0,1.0,0.89,5.5,1.49,0.07,3.0,1.0
0.17,11.0,11.0,705.0,5.0,1.0,0.89,5.5,1.49,0.07,3.0,1.0
0.17,11.0,28.0,343.0,235.0,1.0,2.3,5.5,2.02,0.03,1.0,1.0
0.14,11.0,39.0,108.0,8950.0,1.0,1.26,5.5,1.22,0.07,5.0,1.0
0.14,11.0,39.0,586.0,104.0,1.0,1.26,5.5,1.22,0.07,5.0,1.0
0.14,11.0,39.0,731.55,5.0,1.0,1.26,5.5,1.22,0.07,5.0,1.0
0.22,11.0,39.0,587.0,682.0,1.0,1.29,5.5,1.63,0.01,1.0,1.0
0.15,11.0,7084.0,99.0,9265.0,4.0,1.27,5.5,1.47,0.15,3.0,1.0
0.15,11.0,7084.0,719.0,5.0,4.0,1.27,5.5,1.47,0.15,3.0,1.0
0.29,11.0,1267.0,351.0,17274.99999999997,4.0,1.44,5.5,2.03,0.03,3.0,1.0
0.29,11.0,42.0,468.0,874.0,4.0,1.44,5.5,2.03,0.03,3.0,1.0
0.29,11.0,764.0,418.0,660.0,4.0,1.44,5.5,2.03,0.03,3.0,1.0
0.29,11.0,764.0,731.55,5.0,4.0,1.44,5.5,2.03,0.03,3.0,1.0
0.17,11.0,258.0,169.0,200.0,4.0,1.28,5.5,1.57,0.03,2.0,2.0
0.17,11.0,258.0,471.0,5.0,4.0,1.28,5.5,1.57,0.03,2.0,2.0
0.09,11.0,5223.0,109.0,5479.0,4.0,1.27,5.5,1.61,0.02,2.0,1.0
0.09,11.0,690.0,336.0,964.0,1.0,1.31,5.5,1.82,0.29,2.0,1.0
0.09,11.0,690.0,467.0,964.0,1.0,1.31,5.5,1.82,0.29,2.0,1.0
0.13,62.0,11326.0,117.0,11770.0,1.0,1.25,2.64,1.53,0.29,2.0,2.0
0.2,62.0,513.0,345.0,507.0,3.0,1.29,2.64,1.59,0.13,4.0,1.0
0.19,62.0,11.0,124.0,1132.0,3.0,0.95,2.64,0.96,0.01,1.0,1.0
0.19,62.0,355.0,360.0,1759.0,3.0,1.66,2.64,2.98,0.01,1.0,1.0
0.19,2.0,137.0,583.0,206.0,3.0,1.58,4.0,2.0,0.01,1.0,1.0
0.12,2.0,17.0,527.0,1372.0,3.0,1.31,4.0,1.68,0.02,1.0,1.0
0.09,2.0,1112.0,65.0,773.0,2.0,1.32,4.0,1.8,0.14,1.0,1.0
0.19,2.0,23890.399999999987,172.0,17274.99999999997,5.0,1.22,4.0,1.33,0.14,7.0,1.0
0.19,2.0,23890.399999999987,460.0,17274.99999999997,5.0,1.22,4.0,1.33,0.14,7.0,1.0
0.19,2.0,23890.399999999987,483.0,29.0,5.0,1.22,4.0,1.33,0.14,7.0,1.0
0.13,2.0,1555.0,93.0,1916.0,4.0,1.18,4.0,1.41,0.19,4.0,2.0
0.33,2.0,16988.0,39.45,17274.99999999997,5.0,1.22,4.0,1.59,0.08,4.0,1.0
0.5,2.0,1132.0,371.0,718.0,5.0,1.56,4.0,0.7445,0.02,1.0,1.0
0.17,2.0,435.0,281.0,2070.0,5.0,1.48,4.0,1.75,0.02,4.0,1.0
0.46,2.0,23890.399999999987,731.55,2113.0,1.0,1.37,4.0,0.83,0.13,2.0,1.0
0.46,2.0,441.0,326.0,264.0,1.0,1.15,4.0,1.81,0.03,2.0,1.0
0.46,2.0,61.0,482.0,148.0,1.0,1.15,4.0,1.81,0.03,2.0,1.0
0.46,2.0,72.0,484.0,439.0,1.0,1.15,4.0,1.81,0.03,2.0,1.0
0.46,2.0,286.0,639.0,492.0,1.0,1.15,4.0,1.81,0.03,2.0,1.0
0.46,2.0,30.0,655.0,31.0,1.0,1.15,4.0,1.81,0.03,2.0,1.0
0.46,2.0,21.0,649.0,24.0,1.0,1.15,4.0,1.81,0.03,2.0,1.0
0.46,2.0,1182.0,321.0,797.0,1.0,0.82,4.0,2.57,0.01,2.0,1.0
0.46,2.0,284.0,339.0,95.0,1.0,2.88,4.0,2.0,0.02,2.0,1.0
0.46,2.0,2005.0,175.0,2267.0,1.0,2.88,4.0,2.0,0.02,2.0,1.0
0.46,2.0,1973.0,731.55,40.0,1.0,2.88,4.0,2.0,0.02,2.0,1.0
0.54,2.0,1973.0,539.0,312.0,1.0,0.82,4.0,2.0,0.01,2.0,1.0
0.31,2.0,982.0,51.0,364.0,3.0,1.46,4.0,1.46,0.02,4.0,2.0
0.31,2.0,982.0,600.0,54.0,3.0,1.46,4.0,1.46,0.02,4.0,2.0
0.16,2.0,293.0,165.0,140.0,1.0,1.58,4.0,1.12,0.22,3.0,2.0
0.41,2.0,312.0,166.0,473.0,2.0,1.28,4.0,1.13,0.11,7.0,1.0
0.19,2.0,362.0,186.0,339.0,3.0,1.35,4.0,1.21,0.13,5.0,2.0
0.54,2.0,20.0,731.55,451.0,1.0,1.74,4.0,0.82,0.07,2.0,2.0
0.54,2.0,20.0,717.0,451.0,1.0,1.74,4.0,0.82,0.07,2.0,2.0
0.54,2.0,20.0,598.0,23.0,1.0,1.74,4.0,0.82,0.07,2.0,2.0
0.51,2.0,126.0,358.0,2204.0,1.0,1.49,4.0,1.53,0.1,2.0,2.0
0.51,2.0,4095.0,301.0,2028.0,1.0,2.34,4.0,1.7,0.2,1.0,1.0
0.26,2.0,23890.399999999987,75.0,7721.0,3.0,1.34,4.0,1.21,0.08,3.0,1.0
0.54,2.0,23890.399999999987,39.45,10429.0,4.0,1.24,4.0,1.06,0.11,6.0,2.0
0.54,2.0,23890.399999999987,554.0,9.0,4.0,1.24,4.0,1.06,0.11,6.0,2.0
0.36,2.0,23890.399999999987,39.45,5508.0,4.0,1.42,4.0,0.87,0.17,1.0,2.0
0.36,2.0,23890.399999999987,474.0,16.0,4.0,1.42,4.0,0.87,0.17,1.0,2.0
0.36,2.0,23890.399999999987,680.0,74.0,4.0,1.71,4.0,2.05,0.29549999999999954,1.0,2.0
0.35,2.0,11.0,679.0,19.0,4.0,1.28,4.0,1.05,0.06,1.0,2.0
0.31,2.0,23890.399999999987,39.45,10082.0,4.0,1.29,4.0,1.12,0.14,5.0,2.0
0.1,2.0,15.0,668.0,298.0,4.0,1.18,4.0,1.47,0.04,4.0,2.0
0.1,2.0,18.0,685.0,80.0,1.0,1.54,4.0,1.33,0.29549999999999954,4.0,2.0
0.26,2.0,11.0,548.0,210.0,1.0,1.09,4.0,1.13,0.01,4.0,2.0
0.23,2.0,829.0,190.0,246.0,6.0,1.12,4.0,1.31,0.17,2.0,1.0
0.2,20.0,113.0,297.0,623.0,6.0,1.47,4.0,1.0,0.17,2.0,1.0
0.25,20.0,3229.0,159.0,872.0,6.0,1.31,4.0,1.17,0.02,3.0,1.0
0.29,62.0,23890.399999999987,111.0,2869.0,6.0,1.25,3.65,1.24,0.02,2.0,2.0
0.36,62.0,19747.0,182.0,6567.0,6.0,1.45,3.65,0.94,0.06,5.0,2.0
0.36,62.0,11.0,541.0,75.0,6.0,1.78,3.65,1.79,0.01,1.0,2.0
0.36,62.0,112.0,463.0,257.0,6.0,1.78,3.65,1.79,0.01,1.0,2.0
0.53,62.0,102.0,731.55,3901.0,4.0,1.11,3.65,1.18,0.09,1.0,2.0
0.53,62.0,210.0,476.0,132.0,4.0,1.11,3.65,1.18,0.09,1.0,2.0
0.53,62.0,66.0,389.0,54.0,4.0,1.11,3.65,1.18,0.09,1.0,2.0
0.53,62.0,145.0,517.0,72.0,4.0,1.11,3.65,1.18,0.09,1.0,2.0
0.53,62.0,431.0,388.0,478.0,4.0,1.11,3.65,1.18,0.09,1.0,2.0
0.53,62.0,86.0,491.0,47.0,4.0,1.11,3.65,1.18,0.09,1.0,2.0
0.53,62.0,16.0,498.0,20.0,4.0,1.11,3.65,1.18,0.09,1.0,2.0
0.53,62.0,507.0,659.0,239.0,4.0,1.11,3.65,1.18,0.09,1.0,2.0
0.53,62.0,33.0,645.0,24.0,4.0,1.11,3.65,1.18,0.09,1.0,2.0
0.53,62.0,46.0,497.0,27.0,4.0,1.11,3.65,1.18,0.09,1.0,2.0
0.53,62.0,32.0,355.0,19.0,4.0,3.0664999999999987,3.65,1.18,0.09,1.0,2.0
0.53,62.0,6938.0,39.45,2704.0,4.0,3.0664999999999987,3.65,1.18,0.09,1.0,2.0
0.53,62.0,274.0,333.0,76.0,4.0,1.54,3.65,1.82,0.04,3.0,2.0
0.53,62.0,170.0,564.0,136.0,4.0,1.54,3.65,1.82,0.04,3.0,2.0
0.12,62.0,6990.0,143.0,3037.0,5.0,1.67,3.65,1.75,0.05,2.0,1.0
0.3,62.0,5563.0,76.0,4636.0,6.0,1.62,3.65,1.46,0.2,1.0,3.0
0.3,62.0,11.0,681.0,5.0,6.0,1.62,3.65,1.46,0.2,1.0,3.0
0.09,70.0,7964.0,158.0,15670.0,1.0,1.73,4.69,1.79,0.2,1.0,3.0
0.09,70.0,11.0,373.0,107.0,1.0,3.0664999999999987,4.69,1.79,0.2,1.0,3.0
0.09,70.0,11.0,544.0,16.0,1.0,3.0664999999999987,4.69,1.79,0.2,1.0,3.0
0.21,70.0,93.0,226.0,471.0,3.0,1.61,4.69,1.73,0.11,3.0,3.0
0.26,70.0,131.0,259.0,73.0,1.0,1.64,4.69,1.81,0.15,1.0,1.0
0.26,70.0,261.0,437.0,384.0,1.0,1.07,4.69,1.81,0.15,1.0,1.0
0.26,70.0,88.0,578.0,98.0,1.0,3.0664999999999987,4.69,3.581999999999998,0.15,1.0,1.0
0.19,70.0,158.0,149.0,321.0,4.0,1.7,4.69,1.74,0.15,4.0,2.0
0.17,70.0,23890.399999999987,107.0,17274.99999999997,3.0,1.64,4.69,1.67,0.23,2.0,2.0
0.51,70.0,257.0,368.0,297.0,3.0,1.36,4.69,2.06,0.01,2.0,2.0
0.11,70.0,481.0,113.0,658.0,2.0,1.59,4.69,1.65,0.03,4.0,2.0
0.11,70.0,481.0,701.0,5.0,2.0,2.7,4.69,1.65,0.08,4.0,2.0
0.11,70.0,481.0,602.0,6.0,2.0,2.7,4.69,1.65,0.08,4.0,2.0
0.08450000000000003,70.0,218.0,556.0,177.0,2.0,1.76,4.69,1.88,0.04,2.0,2.0
0.16,70.0,218.0,221.0,1171.0,2.0,1.76,4.69,1.64,0.17,2.0,2.0
0.31,70.0,2599.0,79.0,2071.0,4.0,1.35,4.69,1.72,0.07,2.0,2.0
0.31,70.0,19.0,731.55,29.0,4.0,1.76,4.69,1.4,0.01,2.0,2.0
0.31,70.0,19.0,731.55,287.0,4.0,1.76,4.69,1.4,0.01,2.0,2.0
0.31,3.0,3835.0,359.0,2214.0,4.0,0.93,1.88,1.25,0.01,2.0,1.0
0.22,3.0,23890.399999999987,120.0,17274.99999999997,3.0,1.58,1.88,1.63,0.07,2.0,2.0
0.22,3.0,1381.0,272.0,5233.0,3.0,2.4,1.88,2.35,0.05,2.0,2.0
0.22,3.0,1381.0,579.0,5.0,3.0,2.4,1.88,2.35,0.05,2.0,2.0
0.22,3.0,320.0,391.0,755.0,1.0,2.42,1.88,2.97,0.11,1.0,1.0
0.11,3.0,5031.0,245.0,2704.0,1.0,1.75,1.88,1.96,0.02,1.0,1.0
0.11,3.0,44.0,575.0,185.0,1.0,1.75,1.88,1.96,0.02,1.0,1.0
0.11,3.0,11.0,708.0,5.0,1.0,1.75,1.88,1.96,0.02,1.0,1.0
0.11,3.0,11.0,478.0,86.0,1.0,3.0664999999999987,1.88,1.96,0.02,1.0,1.0
0.11,3.0,11.0,661.0,30.0,1.0,3.0664999999999987,1.88,1.96,0.02,1.0,1.0
0.11,3.0,57.0,592.0,50.0,1.0,1.03,1.88,1.96,0.04,1.0,1.0
0.11,3.0,162.0,516.0,75.0,1.0,1.03,1.88,1.96,0.04,1.0,1.0
0.11,3.0,763.0,60.0,1261.0,1.0,1.03,1.88,1.96,0.04,1.0,1.0
0.11,3.0,195.0,274.0,20.0,1.0,1.67,1.88,3.581999999999998,0.29549999999999954,1.0,1.0
0.11,3.0,42.0,489.0,5.0,1.0,1.67,1.88,3.581999999999998,0.29549999999999954,1.0,1.0
0.15,3.0,115.0,284.0,455.0,1.0,1.71,1.88,1.98,0.22,1.0,1.0
0.15,3.0,115.0,611.0,5.0,1.0,1.71,1.88,1.98,0.22,1.0,1.0
0.3,3.0,40.0,255.0,838.0,1.0,1.33,1.88,1.24,0.03,5.0,1.0
0.3,3.0,40.0,492.0,1041.0,1.0,1.33,1.88,1.24,0.03,5.0,1.0
0.3,3.0,40.0,629.0,17.0,1.0,1.33,1.88,1.24,0.03,5.0,1.0
0.3,3.0,40.0,695.0,17.0,1.0,1.33,1.88,1.24,0.03,5.0,1.0
0.23,3.0,1821.0,327.0,5038.0,1.0,1.59,1.88,1.73,0.04,4.0,1.0
0.13,3.0,40.0,128.0,11348.0,1.0,1.54,1.88,1.53,0.1,3.0,1.0
0.13,3.0,40.0,713.0,7.0,1.0,1.22,1.88,0.93,0.04,3.0,1.0
0.13,3.0,40.0,731.55,5.0,1.0,1.22,1.88,0.93,0.04,3.0,1.0
0.3,3.0,24.0,400.0,30.0,1.0,1.79,1.88,1.6,0.07,3.0,1.0
0.3,3.0,24.0,726.0,30.0,1.0,1.79,1.88,1.6,0.07,3.0,1.0
0.1,3.0,11.0,538.0,141.0,1.0,1.53,1.88,1.6,0.02,4.0,1.0
0.34,3.0,8176.0,260.0,17274.99999999997,5.0,1.18,1.88,1.14,0.15,3.0,1.0
0.34,3.0,8176.0,613.0,17274.99999999997,5.0,1.18,1.88,1.14,0.15,3.0,1.0
0.34,3.0,287.0,335.0,1029.0,2.0,1.9,1.88,3.31,0.06,3.0,1.0
0.34,3.0,36.0,731.55,259.0,2.0,1.49,1.88,3.31,0.08,1.0,1.0
0.34,3.0,36.0,644.0,5.0,2.0,1.49,1.88,3.31,0.08,1.0,1.0
0.53,3.0,11.0,709.0,35.0,2.0,1.05,1.88,0.7445,0.08,1.0,1.0
0.11,3.0,261.0,77.0,767.0,3.0,1.48,1.88,1.95,0.29549999999999954,5.0,2.0
0.19,3.0,5020.0,39.45,17274.99999999997,4.0,1.38,1.88,1.38,0.16,5.0,1.0
0.19,3.0,5020.0,379.0,1500.0,4.0,2.6,1.88,1.38,0.29549999999999954,5.0,1.0
0.19,3.0,5020.0,651.0,173.0,4.0,2.6,1.88,1.38,0.29549999999999954,5.0,1.0
0.19,3.0,5020.0,464.0,18.0,4.0,2.6,1.88,1.38,0.29549999999999954,5.0,1.0
0.19,3.0,42.0,563.0,205.0,4.0,2.6,1.88,1.38,0.29549999999999954,5.0,1.0
0.19,3.0,42.0,702.0,5.0,4.0,2.6,1.88,1.38,0.29549999999999954,5.0,1.0
0.5,3.0,56.0,518.0,1897.0,4.0,0.94,1.88,0.7445,0.29549999999999954,5.0,1.0
0.5,3.0,56.0,731.55,5.0,4.0,0.94,1.88,0.7445,0.29549999999999954,5.0,1.0
0.19,3.0,399.0,145.0,3179.0,1.0,1.39,1.88,1.44,0.05,4.0,1.0
0.29,3.0,202.0,180.0,3321.0,1.0,1.35,1.88,1.33,0.07,4.0,1.0
0.18,59.0,833.0,161.0,10437.0,1.0,1.57,2.68,1.68,0.07,4.0,1.0
0.54,59.0,99.0,199.0,92.0,1.0,2.41,2.68,2.18,0.04,4.0,1.0
0.33,59.0,2037.0,232.0,8314.0,2.0,1.69,2.68,1.53,0.03,2.0,1.0
0.19,59.0,11.0,676.0,123.0,2.0,1.88,2.68,2.33,0.03,2.0,1.0
0.25,59.0,24.0,404.0,44.0,2.0,1.57,2.68,2.24,0.12,2.0,1.0
0.36,59.0,12.0,212.0,162.0,2.0,1.35,2.68,1.07,0.09,3.0,1.0
0.36,59.0,12.0,723.0,5.0,2.0,1.35,2.68,1.07,0.09,3.0,1.0
0.36,59.0,69.0,429.0,21.0,2.0,1.35,2.68,1.07,0.09,3.0,1.0
0.29,59.0,345.0,78.0,1687.0,4.0,1.69,2.68,1.78,0.09,2.0,2.0
0.47,59.0,11.0,557.0,207.0,4.0,2.21,2.68,1.87,0.07,1.0,2.0
0.39,59.0,50.0,191.0,179.0,1.0,1.52,2.68,2.14,0.24,1.0,1.0
0.39,59.0,50.0,465.0,81.0,1.0,1.52,2.68,2.14,0.24,1.0,1.0
0.39,59.0,297.0,436.0,978.0,1.0,1.52,2.68,2.14,0.24,1.0,1.0
0.39,59.0,20.0,490.0,85.0,1.0,1.52,2.68,2.14,0.24,1.0,1.0
0.39,59.0,39.0,504.0,52.0,1.0,1.52,2.68,2.14,0.24,1.0,1.0
0.39,59.0,58.0,347.0,54.0,1.0,3.0664999999999987,2.68,3.581999999999998,0.04,1.0,1.0
0.39,59.0,90.0,409.0,284.0,1.0,3.0664999999999987,2.68,3.581999999999998,0.04,1.0,1.0
0.39,59.0,21.0,650.0,5.0,1.0,3.0664999999999987,2.68,3.581999999999998,0.04,1.0,1.0
0.39,59.0,116.0,599.0,5.0,1.0,3.0664999999999987,2.68,3.581999999999998,0.04,1.0,1.0
0.39,59.0,116.0,636.0,5.0,1.0,3.0664999999999987,2.68,3.581999999999998,0.04,1.0,1.0
0.39,59.0,116.0,628.0,72.0,1.0,3.0664999999999987,2.68,3.581999999999998,0.04,1.0,1.0
0.39,59.0,11.0,526.0,64.0,1.0,1.69,2.68,1.46,0.02,1.0,1.0
0.39,59.0,188.0,431.0,176.0,1.0,1.69,2.68,1.46,0.02,1.0,1.0
0.39,59.0,125.0,417.0,256.0,1.0,1.69,2.68,1.46,0.02,1.0,1.0
0.21,59.0,1171.0,227.0,2825.0,3.0,1.39,2.68,1.27,0.07,6.0,2.0
0.21,59.0,103.0,566.0,418.0,3.0,1.39,2.68,1.27,0.07,6.0,2.0
0.22,59.0,3148.0,142.0,4019.0,1.0,1.4,2.68,1.23,0.04,1.0,1.0
0.22,59.0,32.0,678.0,95.0,1.0,1.4,2.68,1.23,0.04,1.0,1.0
0.18,59.0,1497.0,298.0,5007.0,1.0,1.42,2.68,1.32,0.05,6.0,2.0
0.15,59.0,7128.0,101.0,9665.0,2.0,1.35,2.68,1.3,0.09,6.0,2.0
0.15,59.0,7128.0,731.55,15.0,2.0,1.35,2.68,1.3,0.09,6.0,2.0
0.15,59.0,124.0,707.0,201.0,2.0,1.35,2.68,1.3,0.09,6.0,2.0
0.15,59.0,67.0,233.0,70.0,1.0,1.2,2.68,2.05,0.13,6.0,2.0
0.16,59.0,4206.0,185.0,13099.0,5.0,1.32,2.68,1.33,0.2,4.0,4.0
0.16,59.0,4206.0,731.55,27.0,5.0,1.32,2.68,1.33,0.2,4.0,4.0
0.16,59.0,4206.0,481.0,20.0,5.0,1.32,2.68,1.33,0.2,4.0,4.0
0.08450000000000003,59.0,824.0,312.0,3173.0,1.0,1.41,2.68,1.32,0.08,3.0,1.0
0.08450000000000003,59.0,5390.0,71.0,2456.0,1.0,1.74,2.68,1.68,0.1,1.0,1.0
0.08450000000000003,59.0,907.0,546.0,371.0,1.0,1.74,2.68,1.68,0.1,1.0,1.0
0.17,59.0,22.0,625.0,949.0,1.0,1.86,2.68,1.7,0.05,4.0,1.0
0.17,59.0,22.0,731.55,56.0,1.0,1.86,2.68,1.7,0.05,4.0,1.0
0.17,59.0,22.0,589.0,5.0,1.0,1.86,2.68,1.7,0.05,4.0,1.0
0.19,59.0,7095.0,39.45,9855.0,4.0,1.49,2.68,1.45,0.13,3.0,2.0
0.19,59.0,1293.0,395.0,1432.0,4.0,1.62,2.68,2.54,0.03,3.0,1.0
0.19,59.0,23.0,731.55,123.0,4.0,2.04,2.68,1.24,0.29549999999999954,3.0,1.0
0.41,59.0,8366.0,122.0,17274.99999999997,6.0,1.25,2.68,0.99,0.09,5.0,1.0
0.41,59.0,452.0,349.0,1480.0,1.0,2.17,2.68,2.22,0.08,1.0,1.0
0.17,59.0,21872.0,40.0,17274.99999999997,6.0,1.37,2.68,1.29,0.29,4.0,6.0
0.17,59.0,21872.0,561.0,49.0,6.0,1.37,2.68,1.29,0.29,4.0,6.0
0.51,59.0,21872.0,570.0,548.0,6.0,1.62,2.68,1.02,0.08,2.0,6.0
0.19,70.0,3389.0,251.0,17274.99999999997,6.0,1.42,3.38,1.29,0.08,5.0,6.0
0.22,70.0,1092.0,139.0,780.0,6.0,1.41,3.38,1.1,0.01,2.0,2.0
0.09,70.0,16.0,560.0,205.0,6.0,1.24,3.38,1.06,0.01,6.0,2.0
0.16,70.0,1513.0,235.0,4210.0,5.0,1.43,3.38,1.38,0.18,1.0,1.0
0.16,70.0,1146.0,135.0,1018.0,2.0,1.33,3.38,1.04,0.16,6.0,7.0
0.16,70.0,1146.0,472.0,5.0,2.0,1.33,3.38,1.04,0.16,6.0,7.0
0.16,11.0,1444.0,294.0,182.0,2.0,1.42,3.67,1.33,0.16,6.0,3.0
0.25,11.0,287.0,261.0,942.0,2.0,1.48,3.67,0.99,0.11,2.0,3.0
0.25,11.0,16.0,642.0,21.0,2.0,1.48,3.67,0.99,0.11,2.0,3.0
0.25,11.0,43.0,646.0,27.0,2.0,0.82,3.67,0.99,0.11,1.0,3.0
0.25,11.0,229.0,366.0,319.0,2.0,1.18,3.67,1.69,0.01,1.0,3.0
0.25,11.0,312.0,49.0,575.0,2.0,1.18,3.67,1.69,0.01,1.0,8.0
0.15,11.0,1162.0,234.0,1187.0,2.0,1.31,3.67,1.6,0.08,3.0,8.0
0.15,11.0,1327.0,667.0,544.0,2.0,1.31,3.67,1.6,0.08,3.0,8.0
0.15,11.0,1327.0,610.0,42.0,2.0,1.31,3.67,1.6,0.08,3.0,8.0
0.2,11.0,11.0,311.0,105.0,1.0,1.53,3.67,1.22,0.02,1.0,8.0
0.37,11.0,1608.0,41.0,157.0,1.0,1.48,3.67,1.29,0.01,1.0,6.0
0.37,11.0,11.0,545.0,50.0,1.0,1.39,3.67,2.0,0.02,1.0,6.0
0.23,11.0,123.0,295.0,93.0,1.0,2.14,3.67,2.07,0.03,1.0,1.0
0.23,11.0,123.0,601.0,93.0,1.0,2.14,3.67,2.07,0.03,1.0,1.0
0.34,11.0,3213.0,86.0,17274.99999999997,5.0,1.24,3.67,1.01,0.16,1.0,1.0
0.3,11.0,23890.399999999987,39.45,5955.0,1.0,1.41,3.67,1.26,0.02,5.0,6.0
0.29,67.0,23890.399999999987,39.45,5748.0,1.0,1.39,2.79,1.25,0.02,3.0,6.0
0.29,67.0,63.0,524.0,122.0,1.0,1.39,2.79,1.25,0.02,3.0,6.0
0.38,67.0,109.0,148.0,125.0,3.0,1.43,2.79,1.22,0.11,7.0,2.0
0.29,67.0,120.0,188.0,104.0,3.0,1.53,2.79,1.56,0.08,2.0,3.0
0.21,67.0,52.0,225.0,42.0,3.0,1.32,2.79,1.25,0.09,4.0,3.0
0.29,67.0,23890.399999999987,39.45,8671.0,1.0,1.39,2.79,1.21,0.08,2.0,10.549999999999955
0.29,67.0,82.0,568.0,266.0,1.0,1.39,2.79,1.21,0.08,2.0,10.549999999999955
0.29,67.0,160.0,419.0,275.0,1.0,1.39,2.79,1.21,0.08,2.0,10.549999999999955
0.34,67.0,2193.0,42.0,1884.0,3.0,1.39,2.79,1.25,0.12,2.0,6.0
0.32,67.0,23890.399999999987,39.45,3414.0,4.0,1.33,2.79,1.13,0.1,5.0,10.549999999999955
0.32,67.0,23890.399999999987,634.0,5.0,4.0,1.33,2.79,1.13,0.1,5.0,10.549999999999955
0.32,67.0,23890.399999999987,603.0,15.0,4.0,1.33,2.79,1.13,0.1,5.0,10.549999999999955
0.32,67.0,82.0,390.0,179.0,4.0,1.45,2.79,2.84,0.13,5.0,10.549999999999955
0.32,67.0,11.0,531.0,170.0,4.0,1.45,2.79,2.84,0.13,5.0,10.549999999999955
0.14,67.0,84.0,394.0,59.0,4.0,1.37,2.79,1.3,0.09,5.0,1.0
0.14,67.0,1825.0,424.0,4046.0,4.0,1.37,2.79,1.3,0.09,5.0,1.0
0.34,67.0,1676.0,94.0,12566.0,4.0,1.31,2.79,1.13,0.23,3.0,3.0
0.34,67.0,143.0,574.0,81.0,4.0,1.31,2.79,1.13,0.23,3.0,3.0
0.34,67.0,72.0,299.0,340.0,4.0,1.79,2.79,1.03,0.11,3.0,1.0
0.34,67.0,72.0,656.0,124.0,4.0,1.79,2.79,1.03,0.22,3.0,1.0
0.34,67.0,20.0,631.0,32.0,4.0,1.79,2.79,1.03,0.22,3.0,1.0
0.33,67.0,8259.0,39.45,994.0,2.0,1.34,2.79,1.19,0.02,4.0,10.0
0.33,67.0,58.0,505.0,71.0,2.0,0.82,2.79,3.581999999999998,0.16,4.0,10.0
0.33,67.0,618.0,654.0,1100.0,2.0,0.82,2.79,3.581999999999998,0.16,4.0,10.0
0.33,67.0,946.0,64.0,1439.0,2.0,3.0664999999999987,2.79,3.581999999999998,0.16,4.0,10.0
0.33,67.0,243.0,39.45,90.0,2.0,3.0664999999999987,2.79,3.581999999999998,0.16,4.0,10.0
0.33,67.0,17.0,731.55,89.0,2.0,1.37,2.79,1.15,0.05,1.0,10.0
0.48,67.0,1541.0,132.0,1486.0,2.0,1.31,2.79,1.12,0.04,2.0,8.0
0.46,67.0,14283.0,100.0,1574.0,2.0,1.09,2.79,2.07,0.04,1.0,10.549999999999955
0.5,67.0,3072.0,95.0,2811.0,2.0,1.09,2.79,0.85,0.01,3.0,6.0
0.46,67.0,35.0,219.0,7608.0,2.0,1.33,2.79,0.97,0.04,2.0,6.0
0.46,67.0,11.0,532.0,38.0,2.0,1.98,2.79,1.84,0.04,1.0,6.0
0.41,67.0,670.0,88.0,4610.0,2.0,1.29,2.79,1.28,0.05,4.0,3.0
0.52,67.0,231.0,238.0,32.0,1.0,1.26,2.79,1.05,0.15,1.0,6.0
0.36,67.0,121.0,353.0,426.0,1.0,1.63,2.79,1.36,0.12,1.0,1.0
0.36,67.0,121.0,445.0,62.0,1.0,1.26,2.79,3.581999999999998,0.12,1.0,1.0
0.36,67.0,5410.0,375.0,1004.0,1.0,1.95,2.79,3.01,0.02,2.0,1.0
0.36,67.0,174.0,423.0,438.0,1.0,1.95,2.79,3.01,0.02,2.0,1.0
0.22,67.0,5451.0,356.0,6970.0,1.0,1.6,2.79,1.88,0.02,4.0,1.0
0.22,67.0,5451.0,693.0,109.0,1.0,1.6,2.79,1.88,0.02,4.0,1.0
0.32,67.0,12.0,730.0,2500.0,5.0,1.4,2.79,1.66,0.29549999999999954,1.0,1.0
0.4,67.0,11562.0,110.0,6128.0,1.0,1.23,2.79,1.19,0.06,2.0,6.0
0.54,67.0,19637.0,39.45,17274.99999999997,1.0,1.15,2.79,0.92,0.05,3.0,8.0
0.54,67.0,52.0,322.0,36.0,1.0,1.41,2.79,1.45,0.22,3.0,1.0
0.39,68.0,23890.399999999987,97.0,9990.0,1.0,1.28,2.96,1.22,0.01,6.0,9.0
0.39,68.0,12222.0,62.0,3124.0,1.0,1.29,2.96,1.22,0.08,4.0,10.0
0.39,68.0,25.0,704.0,38.0,1.0,1.29,2.96,1.22,0.08,4.0,10.0
0.42,68.0,1053.0,302.0,15769.0,3.0,1.26,2.96,1.21,0.09,5.0,1.0
0.42,68.0,1053.0,706.0,9.0,3.0,1.26,2.96,1.21,0.29549999999999954,5.0,1.0
0.54,68.0,104.0,210.0,462.0,3.0,0.94,2.96,0.94,0.17,1.0,3.0
0.54,68.0,555.0,127.0,212.0,3.0,0.82,2.96,0.7445,0.01,2.0,6.0
0.54,68.0,197.0,577.0,455.0,3.0,0.86,2.96,1.91,0.01,1.0,6.0
0.54,68.0,197.0,617.0,5.0,3.0,0.86,2.96,1.91,0.01,1.0,6.0
0.54,68.0,126.0,440.0,189.0,3.0,0.86,2.96,1.91,0.01,1.0,6.0
0.54,68.0,87.0,475.0,89.0,3.0,2.43,2.96,3.581999999999998,0.01,1.0,6.0
0.36,68.0,11.0,240.0,221.0,3.0,1.19,2.96,0.7445,0.04,2.0,6.0
0.36,68.0,45.0,643.0,44.0,3.0,1.19,2.96,0.7445,0.04,2.0,6.0
0.36,68.0,1202.0,638.0,579.0,3.0,1.19,2.96,0.7445,0.04,2.0,6.0
0.36,68.0,2663.0,39.45,6698.0,3.0,1.19,2.96,0.7445,0.04,2.0,10.549999999999955
0.19,68.0,11.0,711.0,35.0,1.0,1.14,2.96,1.68,0.18,1.0,10.549999999999955
0.38,68.0,4346.0,56.0,13971.0,2.0,1.07,2.96,1.26,0.09,1.0,2.0
0.19,68.0,1692.0,141.0,2121.0,2.0,1.13,2.96,1.59,0.02,4.0,1.0
0.24,68.0,2457.0,146.0,3584.0,3.0,1.09,2.96,1.28,0.23,2.0,2.0
0.28,68.0,353.0,228.0,1078.0,4.0,1.09,2.96,1.28,0.22,7.0,3.0
0.17,68.0,912.0,126.0,810.0,4.0,1.11,2.96,1.3,0.01,5.0,2.0
0.17,68.0,389.0,426.0,193.0,4.0,1.11,2.96,1.3,0.01,5.0,2.0
0.23,68.0,30.0,305.0,73.0,4.0,1.16,2.96,1.64,0.22,2.0,2.0
0.2,68.0,1134.0,140.0,1577.0,1.0,1.09,2.96,1.5,0.03,1.0,2.0
0.08450000000000003,68.0,132.0,334.0,252.0,1.0,1.25,2.96,1.18,0.03,2.0,1.0
0.08450000000000003,68.0,132.0,626.0,5.0,1.0,1.25,2.96,1.18,0.03,2.0,1.0
0.22,68.0,9750.0,39.45,17274.99999999997,3.0,1.11,2.96,1.25,0.22,1.0,2.0
0.17,67.0,1869.0,116.0,4403.0,1.0,1.15,2.79,1.33,0.22,3.0,2.0
0.18,67.0,99.0,147.0,126.0,2.0,1.11,2.79,1.44,0.05,7.0,2.0
0.18,67.0,99.0,441.0,87.0,2.0,1.11,2.79,1.44,0.05,7.0,2.0
0.27,67.0,1722.0,134.0,1804.0,1.0,1.29,2.79,1.65,0.01,1.0,8.0
0.36,67.0,23890.399999999987,103.0,17274.99999999997,2.0,1.15,2.79,1.25,0.09,3.0,8.0
0.36,67.0,23890.399999999987,580.0,5.0,2.0,1.15,2.79,1.25,0.09,3.0,8.0
0.36,67.0,19.0,672.0,25.0,2.0,3.0664999999999987,2.79,3.33,0.15,2.0,8.0
0.17,67.0,23890.399999999987,39.45,16159.0,6.0,1.15,2.79,1.33,0.13,5.0,4.0
0.17,67.0,23890.399999999987,722.0,10.0,6.0,3.0664999999999987,2.79,1.33,0.13,5.0,4.0
0.14,67.0,13.0,551.0,254.0,2.0,1.2,2.79,1.21,0.03,3.0,4.0
0.14,67.0,489.0,714.0,662.0,2.0,1.2,2.79,1.21,0.03,3.0,4.0
0.22,67.0,16.0,150.0,10246.0,2.0,1.27,2.79,1.41,0.1,2.0,4.0
0.22,67.0,211.0,367.0,130.0,2.0,1.97,2.79,1.41,0.1,2.0,1.0
0.22,67.0,20.0,558.0,29.0,2.0,2.48,2.79,2.9,0.1,2.0,1.0
0.54,67.0,70.0,338.0,152.0,2.0,0.82,2.79,2.9,0.29549999999999954,2.0,1.0
0.54,67.0,94.0,573.0,60.0,2.0,0.82,2.79,2.9,0.29549999999999954,2.0,1.0
0.22,67.0,38.0,208.0,31.0,2.0,1.15,2.79,1.17,0.03,2.0,2.0
0.22,67.0,68.0,506.0,56.0,2.0,1.15,2.79,1.17,0.03,2.0,2.0
0.22,67.0,887.0,39.45,212.0,2.0,1.15,2.79,1.17,0.03,2.0,10.549999999999955
0.23,67.0,205.0,231.0,602.0,1.0,1.36,2.79,1.4,0.12,1.0,2.0
0.23,67.0,205.0,675.0,1140.0,1.0,2.76,2.79,3.581999999999998,0.03,3.0,2.0
0.23,67.0,205.0,485.0,5.0,1.0,2.76,2.79,3.581999999999998,0.03,3.0,2.0
0.24,67.0,11.0,252.0,22.0,1.0,1.25,2.79,0.96,0.22,1.0,2.0
0.24,67.0,269.0,731.55,2163.0,1.0,2.16,2.79,2.3,0.02,1.0,2.0
0.1,67.0,12.0,306.0,144.0,1.0,2.31,2.79,2.25,0.11,1.0,2.0
0.15,67.0,11.0,728.0,87.0,2.0,2.17,2.79,1.79,0.08,1.0,2.0
0.15,67.0,47.0,457.0,293.0,2.0,2.17,2.79,2.39,0.02,1.0,2.0
0.09,67.0,428.0,380.0,2871.0,2.0,2.06,2.79,2.05,0.16,5.0,1.0
0.15,67.0,12376.0,104.0,12878.0,2.0,1.87,2.79,1.89,0.06,7.0,9.0
0.15,67.0,12376.0,454.0,26.0,2.0,1.87,2.79,1.89,0.06,7.0,9.0
0.14,67.0,4167.0,177.0,3825.0,2.0,1.96,2.79,1.86,0.01,2.0,1.0
0.14,67.0,4167.0,694.0,5.0,2.0,2.85,2.79,3.581999999999998,0.1,2.0,1.0
0.14,67.0,102.0,287.0,92.0,1.0,2.88,2.79,1.72,0.04,1.0,1.0
0.14,67.0,102.0,630.0,12.0,1.0,2.88,2.79,1.72,0.04,1.0,1.0
0.14,67.0,395.0,189.0,1649.0,1.0,1.92,2.79,1.93,0.07,4.0,2.0
0.14,67.0,380.0,422.0,2025.0,1.0,2.7,2.79,2.74,0.04,2.0,2.0
0.14,67.0,380.0,581.0,325.0,1.0,2.7,2.79,2.74,0.04,2.0,2.0
0.14,67.0,133.0,376.0,241.0,1.0,3.05,2.79,2.66,0.01,2.0,2.0
0.09,67.0,122.0,206.0,337.0,1.0,1.98,2.79,2.03,0.05,7.0,2.0
0.09,67.0,122.0,459.0,5.0,1.0,1.98,2.79,2.03,0.05,7.0,2.0
0.09,67.0,326.0,427.0,347.0,1.0,1.98,2.79,2.03,0.05,7.0,2.0
0.09,67.0,28.0,308.0,32.0,1.0,1.85,2.79,1.34,0.16,3.0,1.0
0.09,67.0,3321.0,325.0,1483.0,1.0,1.75,2.79,1.84,0.01,3.0,1.0
0.17,17.0,105.0,330.0,591.0,1.0,2.14,2.83,2.67,0.01,3.0,1.0
0.12,17.0,107.0,456.0,1052.0,1.0,2.03,2.83,1.83,0.01,2.0,1.0
0.11,17.0,44.0,276.0,88.0,1.0,1.94,2.83,2.31,0.03,1.0,1.0
0.08450000000000003,70.0,460.0,378.0,1252.0,1.0,2.01,3.89,1.83,0.03,1.0,1.0
0.2,70.0,35.0,286.0,103.0,1.0,1.52,3.89,2.17,0.04,2.0,1.0
0.2,70.0,722.0,357.0,894.0,1.0,1.88,3.89,3.581999999999998,0.14,2.0,1.0
0.18,70.0,14.0,731.55,472.0,1.0,2.14,3.89,1.57,0.04,2.0,1.0
0.09,70.0,383.0,224.0,563.0,1.0,2.13,3.89,2.07,0.02,2.0,2.0
0.1,70.0,801.0,363.0,2215.0,1.0,2.0,3.89,2.03,0.01,5.0,1.0
0.1,70.0,35.0,288.0,78.0,2.0,2.47,3.89,2.88,0.11,1.0,1.0
0.1,70.0,11.0,686.0,8.0,2.0,0.9,3.89,1.14,0.02,1.0,1.0
0.1,70.0,200.0,449.0,138.0,2.0,3.0664999999999987,3.89,3.581999999999998,0.03,1.0,1.0
0.1,70.0,54.0,264.0,496.0,2.0,3.0664999999999987,3.89,3.581999999999998,0.03,1.0,1.0
0.1,70.0,74.0,584.0,5.0,2.0,3.0664999999999987,3.89,3.581999999999998,0.03,1.0,1.0
0.16,70.0,785.0,304.0,1950.0,2.0,1.85,3.89,1.82,0.16,6.0,1.0
0.08450000000000003,70.0,139.0,213.0,303.0,2.0,1.75,3.89,2.51,0.08,5.0,2.0
0.08450000000000003,70.0,237.0,729.0,304.0,2.0,2.37,3.89,1.91,0.04,5.0,2.0
0.08450000000000003,70.0,690.0,181.0,972.0,2.0,1.86,3.89,2.34,0.05,7.0,2.0
0.08450000000000003,70.0,690.0,605.0,200.0,2.0,1.86,3.89,2.34,0.05,7.0,2.0
0.08450000000000003,70.0,690.0,552.0,14800.0,2.0,3.0664999999999987,3.89,3.49,0.13,7.0,2.0
0.08450000000000003,70.0,219.0,362.0,615.0,2.0,2.12,3.89,2.77,0.06,1.0,2.0
0.08450000000000003,70.0,1825.0,279.0,3288.0,2.0,2.06,3.89,2.13,0.01,1.0,1.0
0.08450000000000003,70.0,67.0,170.0,171.0,4.0,1.95,3.89,2.08,0.02,1.0,2.0
0.08450000000000003,70.0,3575.0,292.0,6142.0,4.0,2.01,3.89,2.08,0.02,3.0,2.0
0.08450000000000003,70.0,62.0,569.0,242.0,4.0,2.01,3.89,2.08,0.02,3.0,2.0
0.08450000000000003,68.0,381.0,381.0,258.0,4.0,2.08,4.12,2.12,0.02,3.0,1.0
0.08450000000000003,68.0,240.0,421.0,588.0,4.0,2.08,4.12,2.12,0.02,3.0,1.0
0.08450000000000003,68.0,1374.0,269.0,2901.0,1.0,2.04,4.12,2.28,0.02,3.0,1.0
0.08450000000000003,68.0,112.0,273.0,248.0,1.0,2.01,4.12,2.14,0.07,1.0,1.0
0.08450000000000003,68.0,112.0,607.0,5.0,1.0,2.01,4.12,2.14,0.07,1.0,1.0
0.08450000000000003,68.0,124.0,256.0,635.0,1.0,1.95,4.12,2.17,0.22,2.0,1.0
0.24,68.0,25.0,392.0,78.0,1.0,2.39,4.12,1.89,0.05,1.0,1.0
0.08450000000000003,68.0,11.0,698.0,165.0,4.0,1.95,4.12,1.85,0.08,4.0,1.0
0.11,68.0,125.0,364.0,746.0,4.0,2.29,4.12,2.06,0.01,2.0,1.0
0.11,68.0,11.0,520.0,51.0,4.0,1.28,4.12,2.47,0.02,1.0,1.0
0.11,68.0,11.0,446.0,5.0,4.0,1.28,4.12,2.47,0.02,1.0,1.0
0.11,17.0,1933.0,267.0,1449.0,4.0,1.63,2.83,2.0,0.02,1.0,1.0
0.11,17.0,442.0,425.0,2144.0,4.0,1.99,2.83,3.02,0.03,1.0,1.0
0.08450000000000003,17.0,9821.0,91.0,16901.0,4.0,2.07,2.83,2.23,0.11,4.0,1.0
0.08450000000000003,17.0,6275.0,291.0,2481.0,4.0,1.67,2.83,2.29,0.01,5.0,1.0
0.08450000000000003,4.0,2131.0,415.0,1533.0,4.0,2.23,2.67,3.581999999999998,0.01,5.0,1.0
0.08450000000000003,4.0,5004.0,200.0,6679.0,2.0,1.76,2.67,1.98,0.09,4.0,2.0
0.12,4.0,21.0,303.0,58.0,2.0,2.45,2.67,2.5,0.03,4.0,2.0
0.12,4.0,11.0,731.55,117.0,2.0,1.72,2.67,2.19,0.22,4.0,2.0
0.12,4.0,78.0,567.0,173.0,2.0,1.72,2.67,2.19,0.22,4.0,2.0
0.12,4.0,78.0,480.0,6.0,2.0,1.72,2.67,2.19,0.22,4.0,2.0
0.08450000000000003,4.0,886.0,72.0,991.0,1.0,2.09,2.67,2.48,0.1,1.0,2.0
0.08450000000000003,4.0,27.0,635.0,13.0,1.0,2.09,2.67,2.48,0.1,1.0,2.0
0.08450000000000003,4.0,37.0,488.0,46.0,1.0,2.09,2.67,2.48,0.1,1.0,2.0
0.08450000000000003,4.0,155.0,320.0,67.0,1.0,3.0664999999999987,2.67,3.581999999999998,0.1,1.0,1.0
0.08450000000000003,4.0,96.0,59.0,519.0,1.0,3.0664999999999987,2.67,3.581999999999998,0.1,1.0,1.0
0.47,36.0,18861.0,54.0,5943.0,1.0,0.82,2.42,0.81,0.01,1.0,9.0
0.47,36.0,13727.0,46.0,17274.99999999997,6.0,0.82,2.42,0.88,0.29549999999999954,4.0,6.0
0.47,36.0,13727.0,637.0,8.0,6.0,0.82,2.42,0.88,0.29549999999999954,4.0,6.0
0.35,36.0,1205.0,393.0,390.0,6.0,1.55,2.42,1.06,0.07,1.0,1.0
0.35,36.0,1205.0,618.0,9.0,6.0,1.55,2.42,1.06,0.07,1.0,1.0
0.22,36.0,1111.0,138.0,6598.0,2.0,1.31,2.42,1.54,0.03,6.0,1.0
0.54,36.0,1127.0,243.0,1900.0,3.0,0.82,2.42,0.7445,0.09,1.0,1.0
0.54,36.0,1127.0,620.0,9.0,3.0,0.82,2.42,0.7445,0.09,1.0,1.0
0.54,36.0,235.0,285.0,462.0,1.0,1.67,2.42,1.2,0.29549999999999954,1.0,1.0
0.54,36.0,150.0,352.0,238.0,1.0,1.09,2.42,1.12,0.04,1.0,1.0
0.35,36.0,23890.399999999987,39.45,17274.99999999997,4.0,0.82,2.42,0.9,0.19,4.0,5.0
0.17,36.0,29.0,673.0,719.0,4.0,0.94,2.42,1.39,0.02,1.0,5.0
0.45,36.0,1448.0,187.0,2781.0,2.0,0.88,2.42,0.86,0.12,5.0,2.0
0.29,36.0,357.0,258.0,885.0,4.0,1.13,2.42,1.27,0.05,1.0,4.0
0.38,24.0,1681.0,451.0,2979.0,4.0,1.21,3.0,1.12,0.05,1.0,4.0
0.45,24.0,17085.0,80.0,4380.0,2.0,0.9,3.0,0.77,0.05,4.0,6.0
0.54,24.0,9668.0,198.0,17274.99999999997,3.0,0.82,3.0,0.7445,0.13,2.0,3.0
0.44,24.0,23710.0,39.45,3351.0,6.0,0.91,3.0,0.93,0.26,1.0,10.549999999999955
0.54,24.0,1629.0,194.0,7520.0,4.0,0.82,3.0,0.7445,0.19,6.0,2.0
0.54,24.0,68.0,562.0,93.0,4.0,0.82,3.0,0.7445,0.19,6.0,2.0
0.54,24.0,75.0,559.0,204.0,4.0,0.82,3.0,0.7445,0.19,6.0,2.0
0.54,24.0,75.0,448.0,24.0,4.0,0.82,3.0,0.7445,0.19,6.0,2.0
0.54,24.0,1124.0,428.0,2713.0,4.0,1.46,3.0,1.6,0.05,1.0,2.0
0.54,24.0,1124.0,455.0,17.0,4.0,1.46,3.0,1.6,0.05,1.0,2.0
0.44,24.0,4035.0,155.0,3495.0,4.0,0.93,3.0,1.09,0.17,2.0,7.0
0.5,24.0,3829.0,66.0,10172.0,6.0,0.9,3.0,0.81,0.22,6.0,3.0
0.53,24.0,223.0,204.0,751.0,1.0,0.82,3.0,0.7445,0.28,1.0,3.0
0.43,24.0,19285.0,121.0,16411.0,1.0,0.91,3.0,0.91,0.03,2.0,5.0
0.43,24.0,253.0,354.0,446.0,1.0,2.88,3.0,3.581999999999998,0.29549999999999954,2.0,5.0
0.43,2.0,13.0,461.0,188.0,1.0,1.15,5.5,3.581999999999998,0.29549999999999954,2.0,5.0
0.43,2.0,26.0,470.0,27.0,1.0,1.15,5.5,3.581999999999998,0.29549999999999954,2.0,5.0
0.43,2.0,25.0,660.0,16.0,1.0,1.15,5.5,3.581999999999998,0.29549999999999954,2.0,5.0
0.43,2.0,39.0,511.0,32.0,1.0,1.15,5.5,3.581999999999998,0.29549999999999954,2.0,5.0
0.43,2.0,385.0,386.0,293.0,1.0,3.0664999999999987,5.5,3.581999999999998,0.09,2.0,5.0
0.43,2.0,4436.0,39.45,2871.0,1.0,3.0664999999999987,5.5,3.581999999999998,0.09,2.0,10.0
0.21,2.0,1511.0,171.0,3420.0,1.0,1.41,5.5,1.42,0.06,3.0,10.0
0.45,2.0,38.0,402.0,1700.0,1.0,1.93,5.5,1.35,0.02,3.0,10.0
0.19,2.0,1357.0,262.0,4771.0,4.0,1.49,5.5,1.6,0.15,5.0,2.0
0.19,2.0,89.0,677.0,77.0,4.0,1.49,5.5,1.6,0.15,5.0,2.0
0.19,2.0,280.0,411.0,135.0,4.0,1.49,5.5,1.6,0.15,5.0,2.0
0.45,2.0,1730.0,39.45,9870.0,6.0,1.22,5.5,1.16,0.29549999999999954,2.0,1.0
0.46,2.0,29.0,119.0,2721.0,4.0,0.92,5.5,0.92,0.21,2.0,1.0
0.2,36.0,2040.0,81.0,6694.0,2.0,1.35,2.4,1.33,0.21,3.0,1.0
0.2,36.0,22881.0,39.45,17274.99999999997,3.0,1.69,2.4,1.45,0.29549999999999954,2.0,2.0
0.15,36.0,362.0,408.0,428.0,1.0,1.55,2.4,1.35,0.23,3.0,2.0
0.22,36.0,23266.0,85.0,17274.99999999997,1.0,1.34,2.4,1.42,0.1,1.0,2.0
0.21,36.0,10911.0,39.45,17274.99999999997,2.0,1.46,2.4,1.48,0.06,2.0,6.0
0.21,36.0,10911.0,731.55,16.0,2.0,1.46,2.4,1.48,0.06,2.0,6.0
0.21,36.0,10911.0,731.55,56.0,2.0,1.46,2.4,1.48,0.06,2.0,6.0
0.35,36.0,2206.0,44.0,2024.0,2.0,1.4,2.4,1.4,0.15,5.0,2.0
0.19,36.0,813.0,382.0,12813.0,2.0,1.39,2.4,1.29,0.05,3.0,2.0
0.2,36.0,428.0,130.0,386.0,4.0,1.66,2.4,1.72,0.21,2.0,2.0
0.2,36.0,407.0,184.0,536.0,4.0,1.42,2.4,3.21,0.03,2.0,1.0
0.22,26.0,336.0,344.0,856.0,4.0,1.59,2.89,1.67,0.03,1.0,1.0
0.22,26.0,40.0,731.55,314.0,4.0,0.82,2.89,1.67,0.12,1.0,1.0
0.31,26.0,43.0,230.0,2391.0,4.0,1.26,2.89,1.07,0.06,3.0,1.0
0.31,26.0,1088.0,401.0,790.0,4.0,1.08,2.89,2.18,0.03,1.0,1.0
0.31,26.0,1088.0,727.0,6095.0,4.0,1.79,2.89,1.96,0.12,3.0,1.0
0.23,26.0,7262.0,152.0,17274.99999999997,6.0,1.22,2.89,1.62,0.29549999999999954,2.0,5.0
0.23,26.0,17.0,399.0,32.0,6.0,0.82,2.89,1.62,0.29549999999999954,2.0,5.0
0.2,26.0,433.0,236.0,853.0,1.0,1.7,2.89,1.55,0.19,1.0,5.0
0.2,26.0,433.0,612.0,5.0,1.0,1.7,2.89,1.55,0.19,1.0,5.0
0.2,26.0,52.0,627.0,55.0,1.0,1.7,2.89,1.55,0.19,1.0,5.0
0.2,26.0,88.0,496.0,88.0,1.0,2.25,2.89,1.89,0.01,1.0,5.0
0.2,26.0,88.0,466.0,53.0,1.0,2.25,2.89,1.89,0.01,1.0,5.0
0.2,26.0,865.0,385.0,822.0,1.0,0.82,2.89,1.89,0.01,1.0,5.0
0.2,26.0,39.0,473.0,37.0,1.0,0.82,2.89,1.89,0.01,1.0,5.0
0.2,26.0,27.0,512.0,16.0,1.0,0.82,2.89,1.89,0.01,1.0,5.0
0.2,26.0,1224.0,725.0,1175.0,1.0,2.87,2.89,1.7,0.01,1.0,5.0
0.2,26.0,124.0,665.0,112.0,1.0,2.87,2.89,1.7,0.01,1.0,5.0
0.2,26.0,425.0,39.45,2248.0,1.0,2.87,2.89,1.7,0.01,1.0,1.0
0.2,26.0,23579.0,197.0,17274.99999999997,1.0,1.57,2.89,2.5,0.26,1.0,2.0
0.2,26.0,284.0,731.55,18.0,1.0,1.57,2.89,2.5,0.26,1.0,2.0
0.34,26.0,23890.399999999987,39.45,17274.99999999997,6.0,1.55,2.89,1.41,0.19,3.0,2.0
0.34,26.0,23890.399999999987,350.0,454.0,6.0,1.37,2.89,1.33,0.14,3.0,2.0
0.33,26.0,6711.0,70.0,17274.99999999997,6.0,1.45,2.89,1.45,0.21,2.0,1.0
0.33,26.0,422.0,542.0,430.0,6.0,1.45,2.89,1.45,0.21,2.0,1.0
0.32,26.0,206.0,669.0,614.0,6.0,1.7,2.89,1.51,0.17,1.0,1.0
0.27,26.0,2331.0,168.0,10312.0,1.0,1.56,2.89,1.46,0.07,4.0,1.0
0.43,26.0,76.0,257.0,179.0,1.0,1.69,2.89,1.14,0.22,2.0,1.0
0.31,26.0,11.0,547.0,140.0,1.0,0.82,2.89,0.7445,0.01,1.0,1.0
0.21,26.0,1558.0,174.0,5051.0,2.0,1.59,2.89,1.58,0.09,1.0,2.0
0.21,26.0,1558.0,609.0,15.0,2.0,1.59,2.89,1.58,0.09,1.0,2.0
0.21,26.0,346.0,413.0,223.0,2.0,1.59,2.89,1.58,0.09,1.0,2.0
0.16,26.0,624.0,290.0,3647.0,1.0,1.53,2.89,1.63,0.06,1.0,1.0
0.16,26.0,49.0,537.0,33.0,1.0,2.11,2.89,1.53,0.06,1.0,1.0
0.17,26.0,930.0,164.0,1624.0,1.0,1.36,2.89,1.41,0.02,7.0,1.0
0.35,26.0,1487.0,229.0,1567.0,1.0,1.39,2.89,1.4,0.09,5.0,2.0
0.35,26.0,60.0,377.0,70.0,1.0,0.82,2.89,0.91,0.02,1.0,2.0
0.31,26.0,6630.0,50.0,17274.99999999997,1.0,1.55,2.89,1.39,0.06,7.0,2.0
0.31,26.0,6630.0,696.0,30.0,1.0,3.0664999999999987,2.89,3.581999999999998,0.06,7.0,2.0
0.37,26.0,26.0,731.55,73.0,1.0,1.51,2.89,1.48,0.03,2.0,2.0
0.29,59.0,1489.0,131.0,15494.0,1.0,1.54,2.46,1.42,0.01,2.0,1.0
0.29,59.0,1489.0,721.0,5.0,1.0,1.54,2.46,1.42,0.01,2.0,1.0
0.29,59.0,11.0,692.0,81.0,1.0,0.82,2.46,1.42,0.01,2.0,1.0
0.31,59.0,579.0,196.0,2229.0,2.0,1.69,2.46,1.55,0.09,1.0,1.0
0.31,59.0,802.0,271.0,537.0,2.0,1.8,2.46,2.17,0.09,2.0,1.0
0.17,59.0,1499.0,254.0,4370.0,2.0,1.68,2.46,1.57,0.01,3.0,1.0
0.25,59.0,7007.0,123.0,17274.99999999997,1.0,1.61,2.46,1.38,0.06,1.0,2.0
0.25,59.0,214.0,300.0,228.0,1.0,1.4,2.46,1.49,0.01,1.0,2.0
0.25,59.0,214.0,653.0,5446.0,1.0,1.4,2.46,1.49,0.01,1.0,2.0
0.17,59.0,257.0,310.0,334.0,1.0,1.52,2.46,1.43,0.04,7.0,1.0
0.17,59.0,280.0,509.0,94.0,1.0,1.52,2.46,1.43,0.04,7.0,1.0
0.17,59.0,11.0,641.0,22.0,1.0,1.52,2.46,1.43,0.04,7.0,1.0
0.17,59.0,61.0,500.0,79.0,1.0,1.52,2.46,1.43,0.04,7.0,1.0
0.17,59.0,20.0,648.0,15.0,1.0,1.52,2.46,1.43,0.04,7.0,1.0
0.17,59.0,37.0,499.0,32.0,1.0,1.52,2.46,1.43,0.04,7.0,1.0
0.17,59.0,339.0,48.0,2701.0,1.0,1.52,2.46,1.43,0.04,7.0,1.0
0.17,59.0,27.0,502.0,2701.0,1.0,1.52,2.46,1.43,0.04,7.0,1.0
0.17,59.0,1288.0,663.0,15.0,1.0,1.52,2.46,1.43,0.04,7.0,1.0
0.17,59.0,1288.0,493.0,1795.0,1.0,1.52,2.46,1.43,0.04,7.0,1.0
0.17,59.0,101.0,346.0,856.0,1.0,2.2,2.46,1.8,0.11,7.0,1.0
0.12,59.0,23.0,731.55,2406.0,1.0,1.46,2.46,1.51,0.29549999999999954,7.0,1.0
0.4,59.0,325.0,222.0,779.0,1.0,1.42,2.46,1.2,0.01,1.0,1.0
0.34,59.0,2790.0,45.0,10198.0,6.0,1.25,2.46,1.16,0.18,3.0,2.0
0.35,59.0,2543.0,179.0,17274.99999999997,6.0,1.25,2.46,1.17,0.03,7.0,2.0
0.54,26.0,4243.0,61.0,9106.0,6.0,1.03,2.89,0.89,0.03,7.0,1.0
0.44,26.0,12610.0,58.0,17274.99999999997,6.0,1.18,2.89,1.07,0.21,2.0,1.0
0.38,26.0,14552.0,102.0,17274.99999999997,5.0,1.12,2.89,1.03,0.16,3.0,1.0
0.38,26.0,14552.0,550.0,135.0,5.0,1.12,2.89,1.03,0.16,3.0,1.0
0.35,26.0,23890.399999999987,39.45,17274.99999999997,5.0,1.24,2.89,1.35,0.16,1.0,2.0
0.4,26.0,9500.0,43.0,16886.0,6.0,1.04,2.89,1.08,0.24,2.0,8.0
0.33,26.0,281.0,216.0,8504.0,1.0,1.19,2.89,1.22,0.08,7.0,1.0
0.33,26.0,72.0,372.0,200.0,1.0,1.72,2.89,1.81,0.03,2.0,1.0
0.38,26.0,27.0,536.0,37.0,1.0,1.9,2.89,0.75,0.01,2.0,1.0
0.38,26.0,182.0,571.0,160.0,1.0,1.9,2.89,0.75,0.01,2.0,1.0
0.38,26.0,15.0,582.0,9.0,1.0,1.9,2.89,0.75,0.01,2.0,1.0
0.38,26.0,15.0,447.0,86.0,1.0,1.9,2.89,0.75,0.01,2.0,1.0
0.27,26.0,933.0,144.0,3781.0,1.0,1.29,2.89,1.37,0.03,2.0,2.0
0.25,26.0,287.0,384.0,803.0,1.0,1.18,2.89,1.26,0.03,2.0,2.0
0.25,26.0,38.0,314.0,45.0,1.0,2.5,2.89,1.26,0.06,2.0,1.0
0.25,26.0,20.0,535.0,65.0,1.0,2.5,2.89,1.26,0.06,2.0,1.0
0.2,54.0,1183.0,691.0,2643.0,1.0,1.36,3.6,1.4,0.06,2.0,1.0
0.2,54.0,315.0,412.0,165.0,1.0,1.36,3.6,1.4,0.06,2.0,1.0
0.32,54.0,1167.0,316.0,5192.0,1.0,1.11,3.6,1.28,0.04,5.0,1.0
0.32,54.0,200.0,444.0,286.0,1.0,1.42,3.6,1.28,0.04,5.0,1.0
0.37,54.0,1296.0,84.0,2131.0,1.0,1.19,3.6,1.11,0.07,5.0,1.0
0.34,54.0,1514.0,348.0,3366.0,1.0,1.23,3.6,1.18,0.09,1.0,1.0
0.34,54.0,1514.0,606.0,68.0,1.0,1.23,3.6,1.18,0.09,1.0,1.0
0.44,54.0,192.0,275.0,298.0,1.0,1.41,3.6,1.03,0.1,2.0,1.0
0.44,54.0,35.0,731.55,59.0,1.0,1.85,3.6,3.16,0.1,1.0,1.0
0.44,54.0,35.0,501.0,24.0,1.0,1.85,3.6,3.16,0.1,1.0,1.0
0.44,54.0,142.0,313.0,239.0,1.0,3.0664999999999987,3.6,3.581999999999998,0.04,1.0,1.0
0.44,54.0,118.0,39.45,1104.0,1.0,3.0664999999999987,3.6,3.581999999999998,0.04,1.0,1.0
0.33,54.0,461.0,370.0,843.0,1.0,1.26,3.6,1.66,0.09,2.0,1.0
0.43,54.0,23890.399999999987,82.0,17274.99999999997,1.0,1.09,3.6,1.04,0.06,2.0,6.0
0.52,54.0,930.0,96.0,1082.0,5.0,1.13,3.6,1.16,0.16,5.0,3.0
0.52,54.0,1094.0,215.0,979.0,5.0,1.58,3.6,2.2,0.04,5.0,1.0
0.52,54.0,118.0,369.0,174.0,5.0,1.31,3.6,0.7445,0.04,1.0,1.0
0.52,54.0,118.0,596.0,11.0,5.0,1.31,3.6,0.7445,0.04,1.0,1.0
0.52,54.0,170.0,521.0,244.0,5.0,1.31,3.6,0.7445,0.04,1.0,1.0
0.52,54.0,146.0,572.0,242.0,5.0,1.0,3.6,0.7445,0.04,1.0,1.0
0.54,54.0,230.0,323.0,85.0,5.0,1.11,3.6,0.7445,0.04,1.0,3.0
0.54,54.0,293.0,700.0,669.0,5.0,1.11,3.6,0.7445,0.04,1.0,3.0
0.24,54.0,80.0,280.0,109.0,5.0,1.33,3.6,1.29,0.07,6.0,1.0
0.49,54.0,23890.399999999987,39.45,7409.0,6.0,1.21,3.6,1.18,0.21,1.0,10.549999999999955
0.52,54.0,23890.399999999987,39.45,6181.0,6.0,1.05,3.6,0.97,0.21,5.0,10.549999999999955
0.47,54.0,56.0,133.0,7371.0,3.0,0.92,3.6,0.77,0.11,1.0,10.549999999999955
0.47,54.0,56.0,595.0,6.0,3.0,0.92,3.6,0.77,0.11,1.0,10.549999999999955
0.4,54.0,6842.0,87.0,7047.0,3.0,1.15,3.6,1.2,0.04,5.0,5.0
0.47,54.0,13540.0,52.0,1872.0,1.0,1.04,3.6,0.81,0.03,4.0,10.549999999999955
0.47,54.0,13540.0,590.0,6.0,1.0,1.04,3.6,0.81,0.03,4.0,10.549999999999955
0.47,54.0,13540.0,712.0,6.0,1.0,1.04,3.6,0.81,0.03,4.0,10.549999999999955
0.47,54.0,13540.0,529.0,120.0,1.0,1.04,3.6,0.81,0.03,4.0,10.549999999999955
0.47,54.0,13540.0,452.0,5.0,1.0,1.04,3.6,0.81,0.03,4.0,10.549999999999955
0.41,54.0,11673.0,296.0,2882.0,1.0,0.89,3.6,0.82,0.02,2.0,4.0
0.42,70.0,23890.399999999987,53.0,13076.0,1.0,1.13,3.12,1.12,0.02,2.0,8.0
0.42,70.0,42.0,523.0,77.0,1.0,1.48,3.12,2.0,0.02,2.0,8.0
0.42,70.0,42.0,588.0,1094.0,1.0,1.48,3.12,2.0,0.02,2.0,8.0
0.52,70.0,23890.399999999987,39.45,7401.0,2.0,1.07,3.12,1.08,0.02,1.0,10.549999999999955
0.52,70.0,23890.399999999987,591.0,10.0,2.0,1.07,3.12,1.08,0.02,1.0,10.549999999999955
0.31,70.0,100.0,309.0,327.0,1.0,1.15,3.12,1.12,0.02,6.0,10.549999999999955
0.43,70.0,16899.0,114.0,13546.0,1.0,1.12,3.12,1.13,0.02,2.0,6.0
0.13,70.0,542.0,193.0,204.0,2.0,1.26,3.12,1.82,0.23,4.0,6.0
0.39,70.0,139.0,406.0,170.0,2.0,1.05,3.12,1.97,0.12,1.0,6.0
0.52,70.0,588.0,217.0,252.0,2.0,1.09,3.12,0.7445,0.12,1.0,6.0
0.52,70.0,258.0,495.0,116.0,2.0,1.09,3.12,0.7445,0.12,1.0,6.0
0.52,70.0,156.0,439.0,70.0,2.0,1.09,3.12,0.7445,0.12,1.0,6.0
0.52,70.0,1768.0,39.45,903.0,2.0,1.09,3.12,0.7445,0.12,1.0,10.549999999999955
0.12,67.0,874.0,201.0,1237.0,2.0,2.3,4.19,2.12,0.12,1.0,3.0
0.09,67.0,1135.0,342.0,4208.0,2.0,2.48,4.19,2.08,0.05,1.0,3.0
0.09,67.0,1969.0,160.0,886.0,1.0,2.63,4.19,2.43,0.02,3.0,2.0
0.09,67.0,11.0,396.0,47.0,1.0,3.0664999999999987,4.19,3.56,0.03,3.0,2.0
0.09,67.0,104.0,565.0,263.0,1.0,3.0664999999999987,4.19,3.56,0.29549999999999954,1.0,2.0
0.08450000000000003,67.0,445.0,63.0,174.0,1.0,2.61,4.19,2.28,0.07,1.0,10.0
0.14,67.0,1628.0,315.0,4454.0,3.0,2.42,4.19,2.53,0.04,4.0,10.0
0.14,67.0,31.0,543.0,75.0,3.0,2.42,4.19,2.53,0.04,4.0,10.0
0.1,67.0,8771.0,55.0,3766.0,3.0,2.21,4.19,2.12,0.04,5.0,1.0
0.1,67.0,248.0,430.0,478.0,3.0,2.21,4.19,2.12,0.04,5.0,1.0
0.1,67.0,2144.0,176.0,654.0,1.0,2.75,4.19,2.45,0.07,5.0,2.0
0.1,67.0,2144.0,608.0,14.0,1.0,2.75,4.19,2.45,0.07,5.0,2.0
0.1,67.0,2144.0,703.0,5.0,1.0,0.82,4.19,2.45,0.21,1.0,2.0
0.1,67.0,2144.0,432.0,493.0,1.0,2.4,4.19,3.581999999999998,0.21,1.0,2.0
0.1,67.0,822.0,266.0,9790.0,1.0,2.27,4.19,2.14,0.02,7.0,1.0
0.1,67.0,41.0,211.0,37.0,1.0,3.0664999999999987,4.19,3.02,0.05,7.0,4.0
0.1,67.0,19.0,341.0,45.0,2.0,1.9,4.19,1.89,0.13,4.0,1.0
0.1,67.0,43.0,433.0,51.0,2.0,1.9,4.19,1.89,0.13,4.0,1.0
0.1,67.0,43.0,450.0,33.0,2.0,1.9,4.19,1.89,0.13,4.0,1.0
0.1,13.0,109.0,443.0,632.0,2.0,3.0664999999999987,4.33,2.33,0.13,4.0,1.0
0.1,13.0,22.0,374.0,68.0,1.0,2.75,4.33,2.49,0.19,1.0,1.0
0.1,13.0,22.0,720.0,9.0,1.0,2.75,4.33,2.49,0.19,1.0,1.0
0.1,24.0,32.0,329.0,179.0,1.0,2.24,4.8,2.6,0.19,1.0,1.0
0.1,24.0,2914.0,73.0,1006.0,1.0,2.5,4.8,2.34,0.02,1.0,7.0
0.1,24.0,12.0,282.0,19.0,1.0,2.13,4.8,2.28,0.15,1.0,1.0
0.11,24.0,18.0,361.0,394.0,1.0,2.15,4.8,2.24,0.02,2.0,1.0
0.11,24.0,3345.0,555.0,6442.0,1.0,1.77,4.8,1.38,0.01,1.0,1.0
0.16,24.0,82.0,328.0,183.0,1.0,2.33,4.8,2.33,0.14,4.0,1.0
0.16,24.0,1032.0,416.0,3608.0,1.0,2.6,4.8,3.42,0.03,1.0,1.0
0.09,24.0,205.0,270.0,503.0,2.0,2.49,4.8,2.3,0.09,5.0,2.0
0.16,24.0,24.0,458.0,3790.0,2.0,2.51,4.8,2.18,0.01,2.0,2.0
0.16,24.0,24.0,671.0,24.0,2.0,2.27,4.8,3.581999999999998,0.01,1.0,2.0
0.13,24.0,34.0,674.0,63.0,2.0,2.11,4.8,2.26,0.07,7.0,2.0
0.13,24.0,34.0,683.0,190.0,2.0,2.31,4.8,2.02,0.03,1.0,2.0
0.15,24.0,2338.0,250.0,4379.0,1.0,2.33,4.8,2.28,0.08,6.0,2.0
0.21,24.0,51.0,118.0,465.0,2.0,2.27,4.8,1.91,0.13,7.0,2.0
0.21,24.0,14.0,640.0,32.0,2.0,2.27,4.8,1.91,0.13,7.0,2.0
0.21,24.0,95.0,365.0,24.0,2.0,2.07,4.8,1.12,0.15,1.0,1.0
0.21,24.0,11.0,515.0,22.0,2.0,2.07,4.8,1.12,0.15,1.0,1.0
0.21,24.0,44.0,283.0,20.0,2.0,1.97,4.8,1.3,0.15,1.0,2.0
0.21,24.0,86.0,47.0,83.0,2.0,1.97,4.8,1.3,0.15,1.0,8.0
0.17,24.0,110.0,731.55,17274.99999999997,5.0,1.69,4.8,1.63,0.06,1.0,8.0
0.17,24.0,110.0,494.0,75.0,5.0,1.69,4.8,1.63,0.06,1.0,8.0
0.17,2.0,279.0,453.0,402.0,5.0,2.53,2.0,2.0,0.06,1.0,8.0
0.21,2.0,220.0,253.0,131.0,5.0,1.39,2.0,1.46,0.07,5.0,3.0
0.15,2.0,2521.0,223.0,2966.0,5.0,1.98,2.0,1.81,0.08,3.0,1.0
0.26,2.0,257.0,278.0,318.0,5.0,1.69,2.0,1.57,0.04,5.0,3.0
0.26,2.0,257.0,716.0,318.0,5.0,1.69,2.0,1.57,0.04,5.0,3.0
0.33,2.0,489.0,178.0,115.0,5.0,1.78,2.0,1.17,0.03,1.0,6.0
0.33,2.0,489.0,619.0,25.0,5.0,1.78,2.0,1.17,0.03,1.0,6.0
0.14,2.0,12.0,332.0,1918.0,5.0,2.06,2.0,2.09,0.01,1.0,6.0
0.14,2.0,12.0,594.0,6.0,5.0,2.06,2.0,2.09,0.01,1.0,6.0
0.14,29.0,161.0,530.0,1241.0,5.0,2.11,4.14,2.14,0.01,1.0,6.0
0.19,29.0,665.0,205.0,666.0,5.0,1.97,4.14,1.87,0.01,1.0,3.0
0.19,29.0,665.0,710.0,666.0,5.0,1.97,4.14,1.87,0.01,1.0,3.0
0.12,29.0,36.0,407.0,13517.0,4.0,1.54,4.14,1.27,0.07,3.0,3.0
0.23,29.0,8116.0,67.0,17274.99999999997,4.0,1.68,4.14,1.57,0.18,3.0,3.0
0.23,29.0,8116.0,697.0,9.0,4.0,1.68,4.14,1.57,0.18,3.0,3.0
0.28,29.0,102.0,319.0,17274.99999999997,5.0,1.61,4.14,1.46,0.29549999999999954,4.0,3.0
0.23,29.0,9781.0,92.0,17274.99999999997,5.0,1.68,4.14,1.59,0.13,2.0,6.0
0.23,29.0,114.0,525.0,192.0,5.0,0.88,4.14,0.7445,0.18,2.0,6.0
0.33,29.0,1628.0,106.0,1192.0,1.0,1.43,4.14,0.7445,0.19,1.0,2.0
0.18,29.0,34.0,699.0,3609.0,1.0,1.19,4.14,1.2,0.07,1.0,2.0
0.14,29.0,485.0,163.0,479.0,2.0,1.82,4.14,1.88,0.04,4.0,6.0
0.14,29.0,8590.0,383.0,639.0,2.0,3.0664999999999987,4.14,1.88,0.04,4.0,1.0
0.14,29.0,8590.0,731.55,6.0,2.0,3.0664999999999987,4.14,1.88,0.04,4.0,1.0
0.17,29.0,7370.0,39.45,7873.0,6.0,1.7,4.14,1.59,0.22,1.0,10.0
0.26,29.0,1435.0,125.0,199.0,1.0,2.01,4.14,1.85,0.08,1.0,9.0
0.13,29.0,23.0,690.0,2770.0,1.0,1.48,4.14,1.32,0.07,2.0,9.0
0.23,29.0,2673.0,616.0,1426.0,2.0,1.12,4.14,1.26,0.08,4.0,9.0
0.23,29.0,2673.0,724.0,5.0,2.0,1.12,4.14,1.26,0.08,4.0,9.0
0.25,29.0,72.0,682.0,1460.0,2.0,1.27,2.42,1.08,0.08,1.0,9.0
0.18,29.0,13.0,731.55,158.0,3.0,2.06,2.42,2.18,0.28,1.0,9.0
0.18,29.0,3915.0,420.0,760.0,3.0,2.06,2.42,2.18,0.28,1.0,9.0
0.18,29.0,995.0,387.0,3132.0,3.0,0.82,2.42,2.18,0.28,1.0,9.0
0.18,29.0,492.0,162.0,326.0,2.0,0.98,2.42,0.7445,0.28,1.0,1.0
0.54,29.0,11.0,731.55,12.0,2.0,0.92,2.42,0.7445,0.04,1.0,1.0
0.54,29.0,13.0,623.0,19.0,2.0,0.92,2.42,0.7445,0.04,1.0,1.0
0.54,29.0,57.0,510.0,71.0,2.0,0.92,2.42,0.7445,0.04,1.0,1.0
0.54,29.0,57.0,664.0,21.0,2.0,0.92,2.42,0.7445,0.04,1.0,1.0
0.54,29.0,57.0,487.0,31.0,2.0,0.82,2.42,0.7445,0.04,1.0,1.0
0.54,29.0,94.0,507.0,80.0,2.0,0.82,2.42,0.7445,0.04,1.0,1.0
0.25,11.0,1660.0,112.0,886.0,2.0,1.76,2.75,1.75,0.04,1.0,7.0
0.25,11.0,19.0,666.0,56.0,2.0,1.76,2.75,1.75,0.04,1.0,7.0
0.25,11.0,79.0,652.0,37.0,2.0,1.76,2.75,1.75,0.04,1.0,7.0
0.25,11.0,256.0,39.45,206.0,2.0,1.76,2.75,1.75,0.04,1.0,10.0
0.25,11.0,38.0,479.0,5.0,2.0,1.76,2.75,1.75,0.04,1.0,10.0
0.25,11.0,192.0,585.0,5.0,2.0,1.76,2.75,1.75,0.04,1.0,10.0
0.25,11.0,2344.0,731.55,27.0,2.0,1.76,2.75,1.75,0.04,1.0,10.0
0.38,11.0,3275.0,405.0,341.0,2.0,1.95,2.75,2.69,0.15,1.0,1.0
0.14,11.0,2992.0,249.0,9671.0,2.0,1.76,2.75,2.0,0.07,1.0,1.0
0.08450000000000003,11.0,167.0,209.0,207.0,1.0,1.57,2.75,1.91,0.05,6.0,1.0
0.43,11.0,27.0,731.55,989.0,4.0,1.92,2.75,1.94,0.1,1.0,1.0
0.08450000000000003,40.0,2866.0,246.0,2320.0,4.0,1.64,3.31,2.15,0.1,1.0,2.0
0.21,40.0,8155.0,153.0,2842.0,6.0,1.77,3.31,1.8,0.24,1.0,10.0
0.12,40.0,598.0,244.0,275.0,6.0,1.72,3.31,1.85,0.1,2.0,2.0
0.12,40.0,2457.0,265.0,1372.0,6.0,1.49,3.31,1.24,0.16,2.0,1.0
0.12,40.0,2457.0,615.0,16.0,6.0,1.49,3.31,1.24,0.16,2.0,1.0
0.22,40.0,992.0,89.0,644.0,1.0,1.69,3.31,1.99,0.1,5.0,2.0
0.17,47.0,3349.0,293.0,9400.0,1.0,1.85,3.95,1.68,0.1,2.0,2.0
0.17,47.0,79.0,534.0,121.0,1.0,1.85,3.95,1.68,0.1,2.0,2.0
0.17,47.0,1690.0,207.0,2585.0,3.0,1.66,3.95,1.36,0.02,2.0,1.0
0.13,47.0,608.0,247.0,1042.0,1.0,1.76,3.95,1.98,0.03,3.0,1.0
0.17,47.0,2030.0,195.0,3406.0,1.0,1.64,3.95,1.9,0.1,3.0,2.0
0.17,47.0,17.0,340.0,29.0,1.0,2.53,3.95,3.581999999999998,0.22,3.0,1.0
0.17,47.0,100.0,151.0,2539.0,1.0,1.82,3.95,2.13,0.11,6.0,1.0
0.13,47.0,49.0,540.0,82.0,1.0,1.78,3.95,1.86,0.02,2.0,1.0
0.13,47.0,49.0,553.0,8.0,1.0,1.78,3.95,1.86,0.02,2.0,1.0
0.21,47.0,1174.0,129.0,3209.0,2.0,1.59,3.95,1.74,0.06,7.0,2.0
0.22,47.0,593.0,317.0,763.0,1.0,1.23,3.95,1.75,0.17,7.0,2.0
0.22,47.0,593.0,549.0,54.0,1.0,1.23,3.95,1.75,0.17,7.0,2.0
0.22,47.0,17.0,307.0,21.0,1.0,2.37,3.95,2.25,0.07,2.0,1.0
0.23,47.0,11.0,731.55,601.0,1.0,2.04,3.95,2.32,0.2,2.0,1.0
0.27,47.0,35.0,277.0,62.0,1.0,1.62,3.95,1.6,0.01,5.0,1.0
0.25,47.0,20.0,731.55,493.0,1.0,1.81,3.95,2.7,0.07,1.0,1.0
0.21,47.0,11.0,528.0,360.0,1.0,1.69,3.95,2.09,0.07,1.0,1.0
0.21,47.0,69.0,486.0,131.0,1.0,3.0664999999999987,3.95,2.09,0.07,1.0,1.0
0.18,47.0,131.0,90.0,112.0,1.0,1.84,3.95,1.74,0.11,5.0,2.0
0.18,47.0,139.0,268.0,75.0,1.0,2.64,3.95,2.43,0.01,5.0,1.0
0.18,47.0,44.0,508.0,48.0,1.0,2.64,3.95,2.43,0.01,5.0,1.0
0.18,47.0,34.0,337.0,37.0,1.0,2.32,3.95,1.91,0.08,5.0,1.0
0.18,47.0,377.0,39.45,305.0,1.0,2.32,3.95,1.91,0.08,5.0,1.0
0.18,23.0,73.0,522.0,261.0,1.0,1.85,3.29,2.43,0.08,5.0,1.0
0.14,23.0,3837.0,154.0,6525.0,5.0,1.7,3.29,2.35,0.07,4.0,7.0
0.14,23.0,11.0,689.0,12.0,5.0,1.7,3.29,2.35,0.07,4.0,7.0
0.29,23.0,420.0,115.0,82.0,2.0,1.64,3.29,2.01,0.1,3.0,10.549999999999955
0.29,23.0,2301.0,414.0,1126.0,2.0,1.64,3.29,2.01,0.1,3.0,10.549999999999955
0.29,23.0,2301.0,624.0,36.0,2.0,1.64,3.29,2.01,0.29549999999999954,3.0,10.549999999999955
0.29,23.0,2301.0,621.0,14.0,2.0,1.64,3.29,2.01,0.29549999999999954,3.0,10.549999999999955
0.29,23.0,1408.0,658.0,3941.0,2.0,1.64,3.29,2.01,0.29549999999999954,3.0,10.549999999999955
0.29,23.0,47.0,597.0,301.0,2.0,1.64,3.29,2.01,0.29549999999999954,3.0,10.549999999999955
0.19,23.0,23890.399999999987,156.0,17274.99999999997,4.0,1.62,3.29,2.16,0.19,3.0,7.0
0.09,23.0,70.0,533.0,139.0,1.0,1.72,3.29,2.32,0.01,2.0,7.0
0.23,23.0,1425.0,98.0,474.0,1.0,1.45,3.29,2.18,0.05,3.0,6.0
0.23,23.0,27.0,324.0,54.0,1.0,1.9,3.29,2.0,0.07,1.0,1.0
0.23,23.0,27.0,718.0,46.0,1.0,1.9,3.29,2.0,0.07,1.0,1.0
0.23,23.0,27.0,633.0,879.0,1.0,1.9,3.29,2.0,0.07,1.0,1.0
0.23,23.0,77.0,576.0,103.0,1.0,1.9,3.29,2.0,0.07,1.0,1.0
0.4,23.0,146.0,214.0,349.0,4.0,1.64,3.29,2.11,0.07,1.0,3.0
0.4,23.0,146.0,614.0,5.0,4.0,1.64,3.29,2.11,0.07,1.0,3.0
0.4,23.0,219.0,220.0,493.0,1.0,1.62,3.29,2.51,0.05,1.0,4.0
0.4,23.0,219.0,593.0,116.0,1.0,1.62,3.29,2.51,0.05,1.0,4.0
0.4,23.0,219.0,462.0,53.0,1.0,1.62,3.29,2.51,0.05,1.0,4.0
0.15,23.0,78.0,239.0,816.0,1.0,1.63,3.29,2.24,0.1,6.0,4.0
0.24,46.0,3110.0,137.0,1740.0,1.0,1.57,2.71,2.06,0.1,1.0,7.0
0.24,46.0,25.0,687.0,44.0,1.0,1.57,2.71,2.06,0.1,1.0,7.0
0.24,46.0,128.0,442.0,717.0,1.0,1.57,2.71,2.06,0.1,1.0,7.0
0.08450000000000003,46.0,39.0,397.0,236.0,3.0,1.8,2.71,2.58,0.06,4.0,7.0
0.08450000000000003,46.0,3839.0,410.0,502.0,3.0,1.15,2.71,2.45,0.01,2.0,7.0
0.21,46.0,562.0,202.0,407.0,3.0,1.63,2.71,1.8,0.05,7.0,6.0
0.21,46.0,1141.0,438.0,1429.0,3.0,1.1,2.71,3.1,0.14,7.0,6.0
0.21,46.0,1141.0,731.55,8.0,3.0,1.37,2.71,3.581999999999998,0.02,7.0,6.0
0.16,46.0,42.0,241.0,84.0,3.0,1.96,2.71,2.41,0.1,7.0,1.0
0.2,46.0,37.0,248.0,86.0,3.0,1.66,2.71,2.03,0.01,7.0,1.0
0.21,46.0,106.0,167.0,73.0,1.0,1.62,2.71,1.7,0.17,2.0,5.0
0.2,46.0,333.0,242.0,15247.0,2.0,1.65,2.71,2.16,0.03,2.0,5.0
0.27,46.0,294.0,237.0,134.0,1.0,1.53,2.71,1.86,0.02,4.0,7.0
0.27,46.0,899.0,435.0,499.0,1.0,1.53,2.71,1.86,0.02,4.0,7.0
0.21,46.0,40.0,218.0,64.0,1.0,1.65,2.71,2.13,0.02,3.0,3.0
0.21,46.0,25.0,403.0,46.0,1.0,3.0664999999999987,2.71,3.45,0.04,2.0,3.0
0.21,46.0,2423.0,434.0,1921.0,1.0,3.0664999999999987,2.71,3.45,0.04,2.0,3.0
0.21,46.0,68.0,662.0,69.0,1.0,3.0664999999999987,2.71,3.45,0.04,2.0,3.0
0.21,46.0,60.0,513.0,49.0,1.0,3.0664999999999987,2.71,3.45,0.04,2.0,3.0
0.25,46.0,1884.0,157.0,168.0,1.0,1.68,2.71,1.75,0.04,1.0,6.0
0.25,46.0,160.0,39.45,251.0,1.0,1.68,2.71,1.75,0.04,1.0,10.549999999999955
0.25,46.0,45.0,632.0,251.0,1.0,1.68,2.71,1.75,0.04,1.0,10.549999999999955
0.25,46.0,28.0,715.0,251.0,1.0,1.68,2.71,1.75,0.04,1.0,10.549999999999955
